name, naicsCode1, naicsCode2, dateJoinedPyx, dateLeftPyx, createdDate, snp_500, fortune_level, enterprise, greatplace_mostadmired
21st Century Fox America Inc,[object Object],[object Object],2017-08-01T00:00:00.000Z, , ,true,109,true, 
ABB Inc,[object Object], ,2015-03-01T00:00:00.000Z,2015-11-17T00:00:00.000Z, , , ,true,true
Academy Sports,[object Object], ,2018-03-15T00:00:00.000Z, , , , , , 
Acadia Pharmaceuticals Inc,[object Object], ,2017-08-01T00:00:00.000Z, , , , , , 
Aci Payments Systems,[object Object], ,2016-01-15T00:00:00.000Z, , , , , , 
Agena Bioscience Inc,[object Object], ,2015-06-26T00:00:00.000Z, , , , , , 
Agilent,[object Object], ,2018-01-24T00:00:00.000Z, , ,true, , , 
AHA (American Heart Association),[object Object], ,2010-05-18T00:00:00.000Z, , , , , , 
Ahold USA Inc,[object Object], ,2017-01-23T00:00:00.000Z, , , , , , 
Aids Service Foundation Orange County,[object Object],[object Object],2017-09-15T00:00:00.000Z, , , , , , 
Aimia,[object Object], ,2012-08-31T00:00:00.000Z,1969-12-31T00:00:00.000Z, , , , , 
Albert Heijn,[object Object], ,2018-05-24T00:00:00.000Z, , , , , , 
All Weather Windows,[object Object], ,2017-11-07T00:00:00.000Z, , , , , , 
Allscripts Healthcare Solutions Inc,[object Object], ,2017-03-10T00:00:00.000Z, , , , , , 
Allstate Insurance Company,[object Object], ,2013-02-15T00:00:00.000Z,2016-11-07T00:00:00.000Z, ,true,79,true,true
AM General Holdings LLC,[object Object],[object Object],2017-09-06T00:00:00.000Z, , , , , , 
American Airlines Inc,[object Object],[object Object],2016-09-26T00:00:00.000Z, , ,true,71,true, 
American Tower,[object Object], ,2014-05-08T00:00:00.000Z,2014-06-15T00:00:00.000Z, ,true,419,true, 
Amgen,[object Object], ,2018-04-02T00:00:00.000Z, , ,true,130,true,true
Amn Healthcare Inc,[object Object], ,2012-03-01T00:00:00.000Z, , , , , , 
Anchor Bank,[object Object], ,2010-03-01T00:00:00.000Z, , , , , , 
Andrews McMeel Universal,[object Object],[object Object],2015-01-09T00:00:00.000Z, , , , , , 
Annaly Capital Management Inc,[object Object], ,2015-01-06T00:00:00.000Z, , , , , , 
Ansaldo Inc,[object Object], ,2017-07-31T00:00:00.000Z, , , , , , 
Aon,[object Object], ,2017-01-17T00:00:00.000Z,1969-12-31T00:00:00.000Z, ,true, ,true, 
ARCA Continental,[object Object], ,2018-06-01T00:00:00.000Z, , , , ,true, 
Aspen Technology Inc,[object Object],[object Object],2015-11-20T00:00:00.000Z, , , , , , 
Asurion Inc,[object Object], ,2014-08-11T00:00:00.000Z, , , , , , 
American Transmission Company,[object Object], ,2010-06-01T00:00:00.000Z,2014-10-01T00:00:00.000Z, , , , , 
Avascent Group Ltd,[object Object], ,2015-04-13T00:00:00.000Z, , , , , , 
Bank of America Corporation,[object Object], ,2016-08-22T00:00:00.000Z, , ,true,24,true,true
Baxalta Incorporated,[object Object], ,2015-04-20T00:00:00.000Z, , , , ,true, 
Becton Dickinson Re Inc,[object Object], ,2015-10-21T00:00:00.000Z, , ,true,251,true, 
Ben E Keith Company,[object Object], ,2008-06-15T00:00:00.000Z, , , , , , 
Bendigo & Adelaide Bank,[object Object], ,2014-01-23T00:00:00.000Z,1969-12-31T00:00:00.000Z, , , , , 
Berger Hospital,[object Object], ,2016-04-08T00:00:00.000Z, , , , , , 
Bic Corporation,[object Object],[object Object],2015-04-13T00:00:00.000Z, , , , , , 
Blank Family of Business,[object Object], ,2016-04-20T00:00:00.000Z, , , , , , 
Blizzard Entertainment Inc,[object Object],[object Object],2009-06-30T00:00:00.000Z,2013-12-23T00:00:00.000Z, ,true,401,true,true
Blood Systems Inc,[object Object], ,2014-04-10T00:00:00.000Z,2016-02-18T00:00:00.000Z, , , , , 
Blue Cross,[object Object],[object Object],2007-09-30T00:00:00.000Z, , , , , , 
BMC Software Inc,[object Object],[object Object],2015-11-16T00:00:00.000Z, , , , , , 
Bobrick Washroom Equipment Inc,[object Object], ,2006-02-08T00:00:00.000Z, , , , , , 
Bol.com,[object Object], ,2017-01-23T00:00:00.000Z, , , , , , 
Brickstreet Mutual Insur Co,[object Object],[object Object],2011-06-01T00:00:00.000Z,2015-04-28T00:00:00.000Z, , , , , 
Bridgepoint Education Inc,[object Object], ,2014-10-14T00:00:00.000Z,1969-12-31T00:00:00.000Z, , , , , 
Bristol-Myers Squibb Intl Corp,[object Object], ,2015-03-20T00:00:00.000Z, , ,true,145,true,true
Bungie Inc,[object Object], ,2017-12-11T00:00:00.000Z, , , , , , 
Buzzfeed Inc,[object Object], ,2014-11-20T00:00:00.000Z,2017-01-25T00:00:00.000Z, , , , , 
Calatlantic Group Inc,[object Object],[object Object],2017-01-19T00:00:00.000Z, , , , ,true,true
Cardinal Health Inc,[object Object],[object Object],2010-11-01T00:00:00.000Z,2016-08-02T00:00:00.000Z, ,true,14,true,true
CareFusion,[object Object], ,2013-11-12T00:00:00.000Z,1969-12-31T00:00:00.000Z, , , , , 
Cargill,[object Object], ,2018-01-08T00:00:00.000Z, , , , ,true, 
CBI Health Group,[object Object], ,2017-10-30T00:00:00.000Z, , , , , , 
CDI Corporation,[object Object], ,2015-10-15T00:00:00.000Z, , , , , , 
Center of Science and Industry,[object Object], ,2015-08-31T00:00:00.000Z, , , , , , 
Century Link,[object Object], ,2012-06-11T00:00:00.000Z,2013-12-03T00:00:00.000Z, ,true,166,true, 
Jacobs Engineering (was Ch2m Hill Inc),[object Object], ,2010-06-15T00:00:00.000Z,1969-12-31T00:00:00.000Z, , ,297,true,true
Charter Communications Inc,[object Object],[object Object],2017-12-15T00:00:00.000Z, , ,true,74,true, 
Checkers and Rally's,[object Object], ,2017-06-19T00:00:00.000Z, , , , , , 
Chipotle Mexican Grill,[object Object],[object Object],2017-07-25T00:00:00.000Z, , ,true, ,true, 
CHOC,[object Object], ,2009-06-30T00:00:00.000Z,2013-08-08T00:00:00.000Z, , , , , 
Church's Chicken,[object Object], ,2017-12-04T00:00:00.000Z, , , , , , 
Cincinnati Children's Hospital,[object Object], ,2016-12-15T00:00:00.000Z, , , , , , 
City of Minneapolis,[object Object], ,2016-09-19T00:00:00.000Z, , , , , , 
City of Whittlesea,[object Object], ,2013-10-21T00:00:00.000Z,1969-12-31T00:00:00.000Z, , , , , 
Coach Inc,[object Object],[object Object],2016-09-12T00:00:00.000Z, , , , , , 
Cohn & Wolfe,[object Object], ,2017-08-15T00:00:00.000Z, , , , , , 
Colgate-Palmolive Company,[object Object],[object Object],2016-05-02T00:00:00.000Z, , ,true,184,true,true
Columbia Sportswear,[object Object],[object Object],2011-04-22T00:00:00.000Z, , , , , , 
Comcast Corporation,[object Object],[object Object],2013-03-06T00:00:00.000Z, , ,true,33,true,true
Comm Scope Inc,[object Object],[object Object],2018-04-30T00:00:00.000Z, , , , ,true, 
Community Care Hmo Inc,[object Object], ,2017-08-25T00:00:00.000Z, , , , , , 
Commvault Systems Inc,[object Object],[object Object],2015-01-26T00:00:00.000Z, , , , , , 
Compassus,[object Object], ,2017-11-27T00:00:00.000Z, , , , , , 
ConAgra,[object Object], ,2014-10-09T00:00:00.000Z,2014-11-11T00:00:00.000Z, ,true,321,true, 
CRM Empowering Leaders (Church Resource Ministries),[object Object], ,2008-01-15T00:00:00.000Z,1969-12-31T00:00:00.000Z, , , , , 
Csl Behring LLC,[object Object], ,2017-10-16T00:00:00.000Z, , , , , , 
Cubic,[object Object], ,2012-03-31T00:00:00.000Z,2014-08-06T00:00:00.000Z, , , , , 
Cushman & Wakefield Ill Inc,[object Object], ,2017-04-24T00:00:00.000Z, , , , ,true, 
Dayton Children's,[object Object], ,2018-01-02T00:00:00.000Z, , , , , , 
Dell Technologies Inc,[object Object],[object Object],2016-02-01T00:00:00.000Z, , , ,35,true,true
Demand Media,[object Object], ,2010-11-22T00:00:00.000Z,2014-03-25T00:00:00.000Z, , , , , 
Denihan,[object Object], ,2015-05-11T00:00:00.000Z,2015-09-08T00:00:00.000Z, , , , , 
Dexcom Inc,[object Object], ,2016-03-21T00:00:00.000Z, , , , , , 
Dineequity Inc,[object Object],[object Object],2013-04-18T00:00:00.000Z, , , , , , 
Discovery Education Inc,[object Object],[object Object],2015-06-25T00:00:00.000Z, , ,true,409,true,true
Djo Global Inc,[object Object], ,2016-01-18T00:00:00.000Z,2016-06-23T00:00:00.000Z, , , , , 
Duracell Company,[object Object], ,2015-03-31T00:00:00.000Z, , , , , , 
Eastman Chemical Company,[object Object], ,2017-05-04T00:00:00.000Z, , ,true,310,true, 
Eaton,[object Object], ,2018-01-02T00:00:00.000Z, , ,true, ,true,true
Encompass Health,[object Object], ,2017-07-11T00:00:00.000Z, , , , ,true,true
Element Vehicle Management,[object Object], ,2016-07-11T00:00:00.000Z, , , , , , 
Elkay,[object Object], ,2018-04-16T00:00:00.000Z, , , , , , 
Entertainment One,[object Object], ,2017-10-02T00:00:00.000Z, , , , , , 
Ep Energy E&P Company  LP,[object Object], ,2012-08-21T00:00:00.000Z, , , , , , 
Epiq Systems Inc,[object Object],[object Object],2017-08-14T00:00:00.000Z, , , , , , 
Equinix Inc,[object Object],[object Object],2015-03-09T00:00:00.000Z, , ,true, , , 
Estee Lauder Inc,[object Object],[object Object],2017-06-08T00:00:00.000Z, , ,true,258,true, 
Everbank Financial Corp,[object Object],[object Object],2014-06-20T00:00:00.000Z,2015-09-09T00:00:00.000Z, , , , , 
Exos Human Capital LLC,[object Object], ,2017-08-28T00:00:00.000Z, , , , , , 
Expedia Inc,[object Object], ,2015-05-11T00:00:00.000Z, , ,true,295,true, 
Express Inc,[object Object], ,2018-04-02T00:00:00.000Z, , , , , , 
EZCORP,[object Object], ,2018-03-05T00:00:00.000Z, , , , , , 
Farmers Insurance,[object Object], ,2011-07-15T00:00:00.000Z,1969-12-31T00:00:00.000Z, , ,253,true, 
FCB (Foote Cone and Belding),[object Object], ,2017-12-18T00:00:00.000Z, , , , , , 
Federal Express Corporation,[object Object], ,2013-11-18T00:00:00.000Z, , ,true,50,true,true
Fenwal,[object Object], ,2012-08-15T00:00:00.000Z,1969-12-31T00:00:00.000Z, , , , , 
First Interstate Bank,[object Object], ,2016-11-21T00:00:00.000Z, , , , , , 
First Solar,[object Object], ,2018-02-12T00:00:00.000Z, , , , , , 
Fiserv Solutions LLC,[object Object],[object Object],2017-04-18T00:00:00.000Z, , ,true,487,true,true
Fleetcor Technologies Inc,[object Object], ,2017-08-21T00:00:00.000Z, , ,true, , , 
Flishman Hillard,[object Object], ,2011-09-20T00:00:00.000Z,2013-05-08T00:00:00.000Z, , , , , 
Floor & Decor Outlets Amer Inc,[object Object],[object Object],2015-08-03T00:00:00.000Z, , , , , , 
Flower Foods,[object Object], ,2016-01-31T00:00:00.000Z, , , , , , 
Food Lion,[object Object], ,2018-05-01T00:00:00.000Z, , , , , , 
Fortna Inc,[object Object], ,2012-10-31T00:00:00.000Z, , , , , , 
Fresh Thymes LLC,[object Object], ,2017-09-20T00:00:00.000Z, , , , , , 
Gap,[object Object], ,2018-05-16T00:00:00.000Z, , ,true,181,true, 
Gei Consultants Inc,[object Object], ,2016-09-09T00:00:00.000Z, , , , , , 
General Electric Company,[object Object],[object Object],2015-08-12T00:00:00.000Z, , ,true,18,true,true
General Mills Inc,[object Object],[object Object],2015-11-15T00:00:00.000Z,1969-12-31T00:00:00.000Z, ,true,182,true,true
GPC (Genuine Parts Company),[object Object],[object Object],2017-03-13T00:00:00.000Z, , ,true,177,true,true
Geometry Global LLC,[object Object], ,2015-03-01T00:00:00.000Z, , , , , , 
Giant Eagle Inc,[object Object],[object Object],2016-02-06T00:00:00.000Z, , , , ,true, 
Godaddycom LLC,[object Object], ,2015-09-28T00:00:00.000Z, , , , , , 
Greenwich Biosciences,[object Object], ,2018-04-02T00:00:00.000Z, , , , , , 
Grocery Manufacturers Assn,[object Object], ,2015-06-20T00:00:00.000Z, , , , , , 
GTB,[object Object], ,2016-12-19T00:00:00.000Z, , , , , , 
Guardian Industries,[object Object], ,2013-01-14T00:00:00.000Z,2013-04-01T00:00:00.000Z, , , , , 
Gun Lake Tribal Gaming Auth,[object Object], ,2016-04-15T00:00:00.000Z, , , , , , 
Haemonetics,[object Object], ,2018-04-02T00:00:00.000Z, , , , , , 
Halozyme Inc,[object Object], ,2016-02-08T00:00:00.000Z, , , , , , 
Hanger Inc,[object Object],[object Object],2015-05-28T00:00:00.000Z, , , , , , 
Hawaiiusa Federal Credit Union,[object Object], ,2016-04-25T00:00:00.000Z, , , , , , 
Health First,[object Object], ,2018-05-04T00:00:00.000Z, , , , , , 
HealthSouth Corporation,[object Object],[object Object],2017-07-17T00:00:00.000Z, , , , , , 
Hershey Company,[object Object],[object Object],2011-12-20T00:00:00.000Z, , ,true,379,true, 
High Liner Foods,[object Object], ,2017-01-09T00:00:00.000Z, , , , , , 
Hitachi,[object Object],[object Object],2013-03-01T00:00:00.000Z, , , , ,true, 
Hub International Limited,[object Object], ,2014-05-15T00:00:00.000Z, , , , , , 
Hudson's Bay Company,[object Object], ,2018-02-01T00:00:00.000Z, , , , ,true, 
Hume City Hall,[object Object], ,2015-07-03T00:00:00.000Z,1969-12-31T00:00:00.000Z, , , , , 
Huntington National Bank,[object Object], ,2014-02-03T00:00:00.000Z, , ,true, , , 
Icw Group Holdings Inc,[object Object],[object Object],2013-07-12T00:00:00.000Z, , , , , , 
Idexx Laboratories Inc,[object Object],[object Object],2017-09-26T00:00:00.000Z, , ,true, , , 
Illumina,[object Object],[object Object],2008-09-19T00:00:00.000Z, , ,true, , , 
Ineight Inc,[object Object],[object Object],2016-06-15T00:00:00.000Z, , , , , , 
Intercare Cmnty Hlth Netwrk,[object Object], ,2016-08-01T00:00:00.000Z, , , , , , 
Interpublic Group of Companies,[object Object],[object Object],2017-09-18T00:00:00.000Z, , ,true,359,true, 
Interstate Management Co LLC,[object Object], ,2017-11-27T00:00:00.000Z, , , , , , 
Intuitive Surgical,[object Object], ,2012-09-30T00:00:00.000Z,2014-02-11T00:00:00.000Z, ,true, , , 
iQor,[object Object], ,2018-03-19T00:00:00.000Z, , , , ,true, 
Jabil,[object Object], ,2018-06-01T00:00:00.000Z, , , ,159,true, 
Jacobs,[object Object], ,2010-10-05T00:00:00.000Z,1969-12-31T00:00:00.000Z, ,true,297,true,true
Jetblue Airways Corporation,[object Object], ,2014-10-31T00:00:00.000Z,2016-10-20T00:00:00.000Z, , ,402,true, 
Johnson & Johnson,[object Object],[object Object],2011-02-03T00:00:00.000Z, , ,true,37,true,true
Johnson Financial,[object Object], ,2013-07-26T00:00:00.000Z, , , , , , 
Kalsec,[object Object], ,2018-07-02T00:00:00.000Z, , , , , , 
Kaplan Inc,[object Object], ,2018-07-02T00:00:00.000Z, , , , , , 
Kellogg,[object Object], ,2017-03-06T00:00:00.000Z, , ,true,226,true, 
Kiewit Corporation,[object Object],[object Object],2014-03-01T00:00:00.000Z,1969-12-31T00:00:00.000Z, , ,339,true,true
Kisco,[object Object], ,2012-11-13T00:00:00.000Z,2013-07-31T00:00:00.000Z, , , , , 
La Quinta LLC,[object Object],[object Object],2017-03-31T00:00:00.000Z, , , , , , 
Lamb Weston Inc,[object Object], ,2017-10-31T00:00:00.000Z, , , , , , 
LG&E and KU,[object Object], ,2015-12-11T00:00:00.000Z, , , , , , 
Liberty Mutual Insurance Co,[object Object],[object Object],2014-07-01T00:00:00.000Z,2015-07-28T00:00:00.000Z, , ,68,true, 
Life Technology,[object Object], ,2013-04-25T00:00:00.000Z,1969-12-31T00:00:00.000Z, , , , , 
Lifelock Inc,[object Object], ,2013-07-31T00:00:00.000Z, , , , , , 
Lincoln Electric,[object Object], ,2018-04-20T00:00:00.000Z, , , , , , 
Lincoln Financial,[object Object], ,2018-04-30T00:00:00.000Z, , ,true,205,true, 
Lions Gate Entertainment Inc,[object Object], ,2015-03-31T00:00:00.000Z,1969-12-31T00:00:00.000Z, , , , , 
Loews Corporation,[object Object],[object Object],2015-06-05T00:00:00.000Z, , ,true,217,true, 
LOreal USA S/D Inc,[object Object], ,2017-10-20T00:00:00.000Z, , , , ,true,true
Louisiana-Pacific Corporation,[object Object], ,2015-10-15T00:00:00.000Z, , , , , , 
Lpl Financial Holdings Inc,[object Object],[object Object],2012-06-15T00:00:00.000Z,2017-01-25T00:00:00.000Z, , , , , 
Lucky Brand Dungarees LLC,[object Object],[object Object],2017-01-02T00:00:00.000Z, , , , , , 
Manpowergroup Inc,[object Object],[object Object],2015-03-31T00:00:00.000Z, , , ,143,true,true
Maricopa Integrated Hlth Svcs,[object Object], ,2017-02-20T00:00:00.000Z, , , , , , 
Marmon Holdings Inc,[object Object],[object Object],2016-11-30T00:00:00.000Z, , , , , , 
Marsh & McLennan Companies Inc,[object Object],[object Object],2010-11-30T00:00:00.000Z, , ,true,212,true, 
McCann,[object Object], ,2017-10-16T00:00:00.000Z, , , , , , 
McLane,[object Object], ,2018-04-02T00:00:00.000Z, , , , , , 
Mercedes-Benz Usa LLC,[object Object],[object Object],2012-09-17T00:00:00.000Z, , , , , , 
Micron Federal Systems LLC,[object Object], ,2011-08-10T00:00:00.000Z,2015-03-03T00:00:00.000Z, ,true,150,true,true
Microsoft Corporation,[object Object],[object Object],2012-04-09T00:00:00.000Z, , ,true,30,true,true
Mitchell International Inc,[object Object], ,2011-11-04T00:00:00.000Z, , , , , , 
Mitel,[object Object], ,2018-01-17T00:00:00.000Z, , , , , , 
Mitsubishi Hitachi Power,[object Object],[object Object],2014-07-31T00:00:00.000Z, , , , ,true, 
Monsanto Company,[object Object],[object Object],2016-09-19T00:00:00.000Z, , , ,199,true,true
Moodys Corporation,[object Object],[object Object],2013-07-01T00:00:00.000Z, , ,true, , , 
MSA (Mine Safety Appliances),[object Object], ,2017-08-31T00:00:00.000Z, , , , , , 
National Australia Bank Ltd,[object Object], ,2016-12-01T00:00:00.000Z,1969-12-31T00:00:00.000Z, , , ,true, 
National Cable,[object Object], ,2015-02-15T00:00:00.000Z,2015-07-28T00:00:00.000Z, , , , , 
NBC Studios Inc,[object Object], ,2014-03-10T00:00:00.000Z, , , , , ,true
Ncta Education Foundation Inc,[object Object], ,2015-02-15T00:00:00.000Z, , , , , , 
New Balance Inc,[object Object], ,2016-03-01T00:00:00.000Z, , , , , , 
New Chapter,[object Object], ,2013-11-22T00:00:00.000Z,2014-01-13T00:00:00.000Z, , , , , 
New Home Company,[object Object], ,2017-12-04T00:00:00.000Z, , , , , , 
Newtron Group LLC,[object Object], ,2004-08-31T00:00:00.000Z, , , , , , 
Nexperia USA Inc,[object Object], ,2017-03-14T00:00:00.000Z, , , , , , 
Nike Inc,[object Object],[object Object],2017-10-02T00:00:00.000Z, , ,true,89,true,true
Nish,[object Object], ,2010-12-20T00:00:00.000Z,1969-12-31T00:00:00.000Z, , , , , 
Nisource Inc,[object Object],[object Object],2016-02-04T00:00:00.000Z, , ,true, , , 
Noridian Mutual Insurance Co,[object Object], ,2010-07-30T00:00:00.000Z, , , , , , 
Nuvasive Inc,[object Object], ,2014-11-12T00:00:00.000Z, , , , , , 
Nxp Usa Inc,[object Object], ,2015-12-21T00:00:00.000Z, , , , ,true, 
OC CLA,[object Object], ,2018-03-05T00:00:00.000Z, , , , , , 
Ogilvy & Mather Worldwide Inc,[object Object],[object Object],2014-04-16T00:00:00.000Z, , , , , , 
Ohiohealth Corporation,[object Object],[object Object],2014-03-15T00:00:00.000Z, , , , ,true,true
Ondeck Asset Pool LLC,[object Object], ,2014-05-05T00:00:00.000Z,2016-06-20T00:00:00.000Z, , , , , 
One Hope United,[object Object], ,2016-10-10T00:00:00.000Z, , , , , , 
One Main Financial Services,[object Object],[object Object],2016-07-30T00:00:00.000Z, , , , , , 
Onyx,[object Object], ,2013-04-15T00:00:00.000Z,2013-05-06T00:00:00.000Z, , , , , 
Orleans Homebuilders,[object Object], ,2015-01-05T00:00:00.000Z,1969-12-31T00:00:00.000Z, , , , , 
Paypal Inc,[object Object],[object Object],2016-06-15T00:00:00.000Z, , ,true,222,true,true
Pearson,[object Object], ,2011-09-01T00:00:00.000Z,2014-06-24T00:00:00.000Z, , , ,true, 
Pechanga Development Corp,[object Object],[object Object],2017-07-17T00:00:00.000Z, , , , , , 
Penn National Gaming Inc,[object Object],[object Object],2015-03-15T00:00:00.000Z, , , , , , 
Pga Corporation,[object Object], ,2015-12-07T00:00:00.000Z, , , , , , 
Pinnacle Property Management,[object Object], ,2011-01-25T00:00:00.000Z, , , , , , 
Plastics Industry Association,[object Object], ,2017-04-03T00:00:00.000Z, , , , , , 
POET,[object Object], ,2013-01-07T00:00:00.000Z,2014-12-09T00:00:00.000Z, , , , , 
PolyOne,[object Object], ,2011-10-26T00:00:00.000Z,2014-01-13T00:00:00.000Z, , , , , 
Ppl Corporation,[object Object],[object Object],2017-11-30T00:00:00.000Z, , ,true,380,true, 
Printpack Inc,[object Object],[object Object],2012-09-17T00:00:00.000Z, , , , , , 
Procter & Gamble,[object Object], ,2007-06-05T00:00:00.000Z, , ,true,42,true,true
Prosciento Inc,[object Object], ,2014-09-03T00:00:00.000Z, , , , , , 
Provide Commerce,[object Object], ,2013-01-28T00:00:00.000Z,2013-06-27T00:00:00.000Z, , , , , 
Prudential Financial Inc,[object Object],[object Object],2016-06-01T00:00:00.000Z, , , ,52,true,true
PSEG,[object Object], ,2014-06-26T00:00:00.000Z,1969-12-31T00:00:00.000Z, , , , , 
Pvh Corp,[object Object],[object Object],2017-03-27T00:00:00.000Z, , ,true,332,true,true
Q2 Solutions,[object Object], ,2017-03-27T00:00:00.000Z, , , , , , 
Quidel,[object Object], ,2014-07-09T00:00:00.000Z,2015-07-15T00:00:00.000Z, , , , , 
IQVIA,[object Object], ,2015-05-05T00:00:00.000Z, , , , , , 
Rancho Family Med Group Inc,[object Object], ,2015-04-30T00:00:00.000Z,1969-12-31T00:00:00.000Z, , , , , 
Red Ventures,[object Object], ,2018-06-01T00:00:00.000Z, , , , , , 
Remington Hotels,[object Object], ,2018-06-11T00:00:00.000Z, , , , , , 
Resmed Inc,[object Object], ,2017-12-15T00:00:00.000Z, , ,true, , , 
Restaurant Brands Intl,[object Object], ,2017-10-23T00:00:00.000Z, , , , , , 
Ringcentral Inc,[object Object],[object Object],2017-06-01T00:00:00.000Z, , , , , , 
Rotary International,[object Object], ,2013-12-17T00:00:00.000Z, , , , , , 
Ryan LLC,[object Object],[object Object],2016-11-15T00:00:00.000Z,2017-10-24T00:00:00.000Z, , , ,true,true
Ryder,[object Object], ,2012-05-30T00:00:00.000Z,2013-10-30T00:00:00.000Z, , ,387,true,true
Saif Corporation,[object Object],[object Object],2016-07-06T00:00:00.000Z, , , , , , 
Salesforce,[object Object], ,2012-12-12T00:00:00.000Z,2013-08-05T00:00:00.000Z, ,true,285,true,true
Sally Beauty Supply LLC,[object Object],[object Object],2016-09-22T00:00:00.000Z, , , , ,true, 
Sei Inc,[object Object], ,2018-02-13T00:00:00.000Z, , , , , , 
Seqirus,[object Object], ,2018-02-15T00:00:00.000Z,1969-12-31T00:00:00.000Z, , , , , 
ServiceLink,[object Object], ,2018-01-08T00:00:00.000Z, , , , , , 
Sharp,[object Object], ,2006-01-31T00:00:00.000Z, , , , ,true, 
ShopHQ,[object Object], ,2014-01-02T00:00:00.000Z,1969-12-31T00:00:00.000Z, , , , , 
SI BONE,[object Object], ,2013-04-30T00:00:00.000Z,2013-12-05T00:00:00.000Z, , , , , 
Sitel,[object Object], ,2016-03-15T00:00:00.000Z, , , , , , 
Skanska Inc,[object Object],[object Object],2014-10-02T00:00:00.000Z,2016-02-18T00:00:00.000Z, , , , , 
SkyCity,[object Object], ,2014-02-01T00:00:00.000Z,1969-12-31T00:00:00.000Z, , , , , 
Skyworks Solutions Inc,[object Object], ,2005-02-01T00:00:00.000Z, , ,true, , , 
Memorial Sloan Kettering Cancer Center (MSKCC),[object Object], ,2016-09-08T00:00:00.000Z, , , , , , 
Solar City,[object Object], ,2014-01-07T00:00:00.000Z,2014-03-04T00:00:00.000Z, , , , , 
Sonic Automotive Inc,[object Object],[object Object],2016-05-15T00:00:00.000Z, , , ,298,true, 
Spireon Inc,[object Object], ,2013-08-13T00:00:00.000Z, , , , , , 
SRG,[object Object], ,2013-01-14T00:00:00.000Z,1969-12-31T00:00:00.000Z, , , , , 
Standard Chartered Bank,[object Object], ,2015-03-23T00:00:00.000Z, , , , ,true, 
State of Wisc,[object Object], ,2014-05-08T00:00:00.000Z,1969-12-31T00:00:00.000Z, , , , , 
Stone Brewing,[object Object], ,2014-10-01T00:00:00.000Z, , , , , , 
Superior Graphite Co,[object Object], ,2014-06-23T00:00:00.000Z, , , , , , 
SWIB (State of Wisconsin Investment Board),[object Object], ,2014-05-08T00:00:00.000Z, , , , , , 
Sycuan Casino,[object Object],[object Object],2014-11-06T00:00:00.000Z, , , , , , 
Sysco Corporation,[object Object],[object Object],2017-06-30T00:00:00.000Z, , ,true,54,true, 
Target Corporation,[object Object], ,2014-12-31T00:00:00.000Z, , ,true,39,true,true
Tenet Healthcare,[object Object], ,2018-06-15T00:00:00.000Z, , , ,147,true, 
The Climate Corp,[object Object], ,2014-03-24T00:00:00.000Z,2014-05-06T00:00:00.000Z, , , , , 
The Linde Group,[object Object], ,2017-03-13T00:00:00.000Z, , , , ,true, 
Thermo Fisher Scientific Inc,[object Object],[object Object],2013-04-18T00:00:00.000Z,2017-01-25T00:00:00.000Z, ,true,144,true,true
Tiffany & Co,[object Object], ,2015-10-01T00:00:00.000Z, , ,true, , , 
TopBuild,[object Object], ,2018-04-02T00:00:00.000Z, , , , , , 
Topcon,[object Object], ,2017-11-20T00:00:00.000Z, , , , , , 
Trans-matic,[object Object], ,2012-12-31T00:00:00.000Z, , , , , , 
TravelPort,[object Object], ,2012-12-31T00:00:00.000Z,2014-12-02T00:00:00.000Z, , , , , 
Trimedx LLC,[object Object], ,2017-03-10T00:00:00.000Z, , , , , , 
Twitter,[object Object], ,2013-04-19T00:00:00.000Z,2014-12-09T00:00:00.000Z, ,true, , , 
UCB Pharma,[object Object], ,2018-05-07T00:00:00.000Z, , , , , , 
Ultragenyx Pharmaceutical Inc,[object Object], ,2016-12-22T00:00:00.000Z, , , , , , 
Union Tank Car Company,[object Object], ,2017-07-25T00:00:00.000Z, , , , , , 
Universal Parks & Resorts,[object Object], ,2018-04-02T00:00:00.000Z, , , , , , 
US Anesthesia Partners Inc,[object Object], ,2017-02-01T00:00:00.000Z, , , , , , 
USPI (United Surgical Partners International),[object Object], ,2018-04-02T00:00:00.000Z, , , , , , 
Vail Clinic Inc,[object Object], ,2017-10-05T00:00:00.000Z, , , , , , 
Vanguard,[object Object], ,2013-04-01T00:00:00.000Z,1969-12-31T00:00:00.000Z, , , , , 
Vanity Fair,[object Object], ,2013-01-01T00:00:00.000Z, , , , , , 
Varian,[object Object], ,2011-05-21T00:00:00.000Z,2014-06-24T00:00:00.000Z, ,true, , , 
Vectrus,[object Object], ,2018-04-16T00:00:00.000Z, , , , , , 
VF Corporation,[object Object],[object Object],2016-12-05T00:00:00.000Z, , ,true,242,true,true
Victoria's Secret,[object Object], ,2018-01-10T00:00:00.000Z, , , , , , 
Vision Group Holdings LLC,[object Object], ,2017-02-08T00:00:00.000Z, , , , , , 
Vistaprint Usa Incorporated,[object Object], ,2017-04-28T00:00:00.000Z, , , , , , 
Vixxo Corporation,[object Object], ,2015-09-07T00:00:00.000Z, , , , , , 
Vmware Inc,[object Object],[object Object],2011-08-31T00:00:00.000Z,2016-11-29T00:00:00.000Z, , , ,true,true
Volcano,[object Object], ,2014-05-15T00:00:00.000Z,1969-12-31T00:00:00.000Z, , , , , 
Vox Media Inc,[object Object], ,2015-03-30T00:00:00.000Z,2015-09-03T00:00:00.000Z, , , , , 
Vystar Credit Union,[object Object], ,2016-03-14T00:00:00.000Z, , , , , , 
Wanzek Construction Inc,[object Object],[object Object],2017-06-28T00:00:00.000Z, , , , , , 
Warp Drive Bio Inc,[object Object], ,2017-10-09T00:00:00.000Z, , , , , , 
Welch Foods Inc A Cooperative,[object Object],[object Object],2016-03-01T00:00:00.000Z, , , , , , 
Wendys,[object Object], ,2014-03-15T00:00:00.000Z,2014-08-19T00:00:00.000Z, , , , , 
Western Digital,[object Object], ,2015-08-31T00:00:00.000Z, , ,true,158,true,true
WME (William Morris Endeavor),[object Object], ,2014-08-15T00:00:00.000Z,2014-10-10T00:00:00.000Z, , , , , 
Wunderman LLC,[object Object], ,2016-07-30T00:00:00.000Z, , , , , , 
Youngs Market Company LLC,[object Object], ,2016-06-20T00:00:00.000Z, , , , , , 
Zebra Technologies Corporation,[object Object],[object Object],2009-07-31T00:00:00.000Z, , , , , , 
Zodiac Pool Systems Inc,[object Object],[object Object],2017-02-06T00:00:00.000Z, , , , , , 
Zoetis Inc,[object Object],[object Object],2013-04-23T00:00:00.000Z, , ,true, , , 
Apple Inc,[object Object], ,2018-07-02T00:00:00.000Z, , ,true,4,true,true
Procor,[object Object], ,2018-06-11T00:00:00.000Z, , , , , , 
Conduent,[object Object], ,2018-06-22T00:00:00.000Z, , , ,466,true, 
Southern Company,[object Object], ,2018-07-02T00:00:00.000Z, , ,true, , , 
PetSmart,[object Object], ,2018-07-06T00:00:00.000Z, , , , , , 
Valmont Industries,[object Object], ,2018-07-09T00:00:00.000Z, , , , , , 
PriceSmart,[object Object], ,2018-07-06T00:00:00.000Z, , , , , , 
Neurocrine Biosciences,[object Object], ,2018-08-01T00:00:00.000Z, , , , , , 
Advocate Aurora Health,[object Object], ,2018-07-06T00:00:00.000Z, , , , , , 
Land O' Lakes,[object Object], ,2018-08-01T00:00:00.000Z, , , ,216,true,true
Jaguar Land Rover,[object Object], ,2018-07-20T00:00:00.000Z, , , , , , 
Gorbel,[object Object], ,2018-08-01T00:00:00.000Z, , , , , , 
AvalonBay Communities,[object Object], ,2018-03-05T00:00:00.000Z, , ,true, , , 
Altice USA,[object Object], ,2018-08-01T00:00:00.000Z, , , , ,true, 
MediRevv,[object Object], ,2018-09-03T00:00:00.000Z, , , , , , 
IGT (International Game Technology),[object Object], ,2018-08-01T00:00:00.000Z, , , , , , 
Godiva,[object Object], ,2018-08-15T00:00:00.000Z, , , , , , 
Cemex,[object Object], ,2018-09-01T00:00:00.000Z, , , , ,true, 
MacroGenics,[object Object], ,2018-09-01T00:00:00.000Z, , , , , , 
Eisai,[object Object], ,2018-08-10T00:00:00.000Z, , , , , , 
CHS Inc.,[object Object], ,2018-09-01T00:00:00.000Z, , , ,96,true, 
Citi Group,[object Object], ,2018-06-22T00:00:00.000Z, , ,true,32,true,true
Insulet Corporation,[object Object], ,2018-09-03T00:00:00.000Z, , , , , , 
Univar,[object Object], ,2018-09-01T00:00:00.000Z, , , ,349,true, 
Verizon,[object Object], ,2005-05-24T00:00:00.000Z, , ,true,16,true,true
Motorist Insurance Group,[object Object], ,2018-08-31T00:00:00.000Z, , , , , , 
FirstEnergy,[object Object], ,2018-09-15T00:00:00.000Z, , ,true,219,true, 
Tronc,[object Object], ,2018-09-17T00:00:00.000Z, , , , , , 
Ambry Genetics,[object Object], ,2018-12-01T00:00:00.000Z, , , , , , 
Ameriprise,[object Object], ,2018-12-01T00:00:00.000Z, , ,true,252,true, 
Barratt Developments,[object Object], ,2018-11-13T00:00:00.000Z, , , , , , 
Caterpillar,[object Object], ,2019-02-01T00:00:00.000Z, , ,true,65,true,true
Coca-Cola Bottling Co.,[object Object], ,2019-01-01T00:00:00.000Z, , ,true,87,true,true
CVS,[object Object], ,2018-11-01T00:00:00.000Z, , ,true,7,true,true
Alphabet (Google),[object Object], ,2018-10-01T00:00:00.000Z, , ,true,22,true,true
Hypertherm,[object Object], ,2018-11-16T00:00:00.000Z, , , , , , 
In-n-Out,[object Object], ,2018-12-01T00:00:00.000Z, , , , ,true, 
Keg Restaurants,[object Object], ,2018-12-14T00:00:00.000Z, , , , , , 
L Brands,[object Object], ,2019-02-01T00:00:00.000Z, , ,true,231,true,true
McAfee,[object Object], ,2018-11-01T00:00:00.000Z, , , , , , 
Mississippi Power Company,[object Object], ,2018-12-01T00:00:00.000Z, , , , , , 
Safe Fleet,[object Object], ,2018-10-01T00:00:00.000Z, , , , , , 
Spin Master Ltd.,[object Object], ,2019-04-30T00:00:00.000Z, , , , , , 
Synovus,[object Object], ,2018-11-17T00:00:00.000Z, , , , , , 
Terex,[object Object], ,2019-01-15T00:00:00.000Z, , , , ,true, 
Ultra Electronics,[object Object], ,2018-11-01T00:00:00.000Z, , , , , , 
Yum! Brands,[object Object], ,2018-07-01T00:00:00.000Z, , ,true,472,true,true
Cengage, , ,2019-01-08T23:04:55.929Z,1969-12-31T00:00:00.000Z,2019-01-08T23:04:55.929Z, , , , 
Werner Co., , ,2019-01-07T00:00:00.000Z,1969-12-31T00:00:00.000Z,2019-01-15T14:42:11.872Z, , , , 
HBO, , ,2019-01-14T00:00:00.000Z,1969-12-31T00:00:00.000Z,2019-01-15T15:48:29.163Z, , , , 
Blue Cross LA, , ,2019-01-23T00:23:48.462Z,1969-12-31T00:00:00.000Z,2019-01-23T00:23:48.462Z, , , , 
Blue Cross of AZ, , ,2019-01-23T00:23:59.803Z,1969-12-31T00:00:00.000Z,2019-01-23T00:23:59.803Z, , , , 
Blue Cross of ID, , ,2019-01-23T00:24:08.379Z,1969-12-31T00:00:00.000Z,2019-01-23T00:24:08.379Z, , , , 
Blue Cross of Kansas City, , ,2019-01-23T00:24:17.875Z,2019-01-23T00:24:17.875Z,2019-01-23T00:24:17.875Z, , , , 
Blue Cross of MN, , ,2019-01-23T00:24:31.831Z,1969-12-31T00:00:00.000Z,2019-01-23T00:24:31.831Z, , , , 
Blue Cross of ND, , ,2019-01-23T00:24:38.392Z,1969-12-31T00:00:00.000Z,2019-01-23T00:24:38.392Z, , , , 
Blue Cross of NE, , ,2019-01-23T00:24:45.238Z,1969-12-31T00:00:00.000Z,2019-01-23T00:24:45.238Z, , , , 
Blue Cross of ND (Noridian), , ,2019-01-23T00:25:22.783Z,1969-12-31T00:00:00.000Z,2019-01-23T00:25:22.783Z, , , , 
FedEx Freight, , ,2019-01-23T00:26:41.498Z,1969-12-31T00:00:00.000Z,2019-01-23T00:26:41.497Z, , , , 
FedEx Office, , ,2019-01-23T00:26:47.884Z,1969-12-31T00:00:00.000Z,2019-01-23T00:26:47.884Z, , , , 
FedEx Supply Chain, , ,2019-01-23T00:26:57.682Z,1969-12-31T00:00:00.000Z,2019-01-23T00:26:57.682Z, , , , 
FedEx Trade Networks, , ,2019-01-23T00:27:07.892Z,1969-12-31T00:00:00.000Z,2019-01-23T00:27:07.892Z, , , , 
HDS, , ,2019-01-23T00:27:26.261Z,1969-12-31T00:00:00.000Z,2019-01-23T00:27:26.261Z, , , , 
Hershey Entertainment, , ,2019-01-23T00:27:42.623Z,1969-12-31T00:00:00.000Z,2019-01-23T00:27:42.623Z, , , , 
IPG Corporate, , ,2019-01-23T00:27:50.772Z,1969-12-31T00:00:00.000Z,2019-01-23T00:27:50.772Z, , , , 
IPG Mediabrands, , ,2019-01-23T00:28:00.129Z,1969-12-31T00:00:00.000Z,2019-01-23T00:28:00.129Z, , , , 
Mercedes Benz Canada, , ,2019-01-23T00:28:07.774Z,1969-12-31T00:00:00.000Z,2019-01-23T00:28:07.774Z, , , , 
Mercedes Benz R&D NA, , ,2019-01-23T00:28:16.783Z,2019-01-23T00:28:16.783Z,2019-01-23T00:28:16.783Z, , , , 
Marsh, , ,2019-01-23T00:28:23.081Z,1969-12-31T00:00:00.000Z,2019-01-23T00:28:23.081Z, , , , 
Mitsubishi Hitachi Power Systems Europe, , ,2019-01-23T00:28:31.204Z,1969-12-31T00:00:00.000Z,2019-01-23T00:28:31.204Z, , , , 
Prudential Vietnam, , ,2019-01-23T00:28:39.540Z,1969-12-31T00:00:00.000Z,2019-01-23T00:28:39.540Z, , , , 
City of Lakewood, , ,2019-02-06T00:00:00.000Z,1969-12-31T00:00:00.000Z,2019-02-07T19:37:36.819Z, , , , 
Minneapolis  Park & Recreation Board, , ,2019-02-06T00:00:00.000Z,1969-12-31T00:00:00.000Z,2019-02-07T19:43:33.971Z, , , , 
Boeing, , ,2018-11-30T00:00:00.000Z,1969-12-31T00:00:00.000Z,2019-02-07T19:49:03.329Z, , ,true, 
Duke Energy, , ,2019-02-04T00:00:00.000Z,1969-12-31T00:00:00.000Z,2019-02-07T19:56:52.259Z, , , , 
Southeastern Ohio Regional Medical Center (SEORMC), , ,2019-02-11T00:00:00.000Z,1969-12-31T00:00:00.000Z,2019-02-12T18:33:54.373Z, , , , 
Union Pacific, , ,2019-02-04T00:00:00.000Z,1969-12-31T00:00:00.000Z,2019-02-15T03:21:00.381Z, , ,true, 
B&G Foods  Inc, , ,2019-01-02T00:00:00.000Z,1969-12-31T00:00:00.000Z,2019-02-20T15:17:42.438Z, , , , 
TRI Pointe Group, , ,2019-01-23T00:00:00.000Z,1969-12-31T00:00:00.000Z,2019-02-21T19:13:06.466Z, , , , 
The Madison Square Garden Company, , ,2019-01-24T00:00:00.000Z,1969-12-31T00:00:00.000Z,2019-02-21T19:28:04.444Z, , , , 
Heineken, , ,2018-12-20T00:00:00.000Z,1969-12-31T00:00:00.000Z,2019-02-21T20:06:58.681Z, , ,true, 
AIG (American International Group), , ,2019-02-15T00:00:00.000Z,1969-12-31T00:00:00.000Z,2019-02-25T15:12:09.344Z, , ,true, 
Minneapolis Park and Recreation , , ,2019-01-03T00:00:00.000Z,1969-12-31T00:00:00.000Z,2019-02-27T17:09:20.455Z, , , , 
AIG Fortitude-RE, , ,2019-02-28T00:00:00.000Z,1969-12-31T00:00:00.000Z,2019-02-27T18:23:36.741Z, , , , 
Sullivan cotter, , ,2019-03-01T00:00:00.000Z,1969-12-31T00:00:00.000Z,2019-03-01T21:43:01.877Z, , , , 
Southern Glazer’s Wine & Spirits  LLC, , ,2019-02-27T00:00:00.000Z,1969-12-31T00:00:00.000Z,2019-03-04T16:45:46.768Z, , , , 
Beaumont Health, , ,2019-03-01T00:00:00.000Z,1970-01-01T00:00:00.000Z,2019-03-04T21:25:59.440Z, , ,true, 
American Tower Corporation, , ,2019-03-01T00:00:00.000Z,1969-12-31T00:00:00.000Z,2019-03-04T22:52:12.488Z, , ,true, 
BASF, , ,2019-02-23T00:00:00.000Z,1970-01-01T00:00:00.000Z,2019-03-05T21:02:05.445Z, , ,true, 
Canon, , ,2019-02-27T00:00:00.000Z,1970-01-01T00:00:00.000Z,2019-03-05T22:18:43.093Z, , ,true, 
C.H. Robinson Worldwide, , ,2019-03-05T00:00:00.000Z,1970-01-01T00:00:00.000Z,2019-03-06T15:43:38.961Z, , ,true, 
UnityPoint Health, , ,2019-03-07T00:00:00.000Z,1970-01-01T00:00:00.000Z,2019-03-14T22:35:06.069Z, , , , 
Constellation Brands, , ,2019-03-01T00:00:00.000Z,1970-01-01T00:00:00.000Z,2019-03-15T16:09:43.132Z, , ,true, 
Zoll, , ,2019-03-07T00:00:00.000Z,1969-12-31T00:00:00.000Z,2019-03-18T21:08:22.944Z, , , , 
J.D. Irving Limited, , ,2019-02-22T00:00:00.000Z,1970-01-01T00:00:00.000Z,2019-03-19T14:07:40.534Z, , , , 
Sargento Foods, , ,2019-03-18T00:00:00.000Z,1969-12-31T00:00:00.000Z,2019-03-19T17:00:00.817Z, , , , 
Canadian Solar, , ,2019-03-04T00:00:00.000Z,1969-12-31T00:00:00.000Z,2019-03-20T14:07:55.400Z, , , , 
Skagit Regional Health, , ,2019-03-20T00:00:00.000Z,1969-12-31T00:00:00.000Z,2019-03-25T18:49:57.216Z, , , , 
S&P Global, , ,2019-02-19T00:00:00.000Z,1969-12-31T00:00:00.000Z,2019-03-29T18:19:11.026Z, , ,true, 
Mastercard, , ,2019-03-18T00:00:00.000Z,1969-12-31T00:00:00.000Z,2019-04-01T20:24:23.571Z, , ,true, 
Corning, , ,2019-04-01T00:00:00.000Z,1969-12-31T00:00:00.000Z,2019-04-10T14:09:37.315Z, , ,true, 
E. & J. Gallo,[object Object], ,2019-04-07T00:00:00.000Z,2019-04-12T23:13:40.418Z,2019-04-12T23:13:40.418Z, , , ,true
AbbVie, , ,2019-04-17T00:00:00.000Z,1969-12-31T00:00:00.000Z,2019-04-22T13:08:00.091Z, , ,true, 
Prisma Health, , ,2019-02-19T00:00:00.000Z,1969-12-31T00:00:00.000Z,2019-04-24T23:03:00.570Z, , , , 
Whole Foods Market, , ,2019-04-24T00:00:00.000Z,1969-12-31T00:00:00.000Z,2019-04-25T22:41:14.116Z, , ,true, 
Holland America Line, , ,2019-04-26T00:00:00.000Z,1969-12-31T00:00:00.000Z,2019-04-26T15:38:53.831Z, , , , 
American Express, , ,2019-05-03T00:00:00.000Z,1969-12-31T00:00:00.000Z,2019-05-06T01:41:38.508Z, , ,true, 
Rentokil Initial, , ,2019-05-02T00:00:00.000Z,1969-12-31T00:00:00.000Z,2019-05-07T21:05:06.865Z, , , , 
M&T Bank, , ,2019-05-06T00:00:00.000Z,1969-12-31T00:00:00.000Z,2019-05-09T17:24:47.212Z, , ,true, 
Independent Pet Partners (IPP), , ,2019-05-08T00:00:00.000Z,1969-12-31T00:00:00.000Z,2019-05-13T14:12:37.112Z, , , , 
BioLegend, , ,2019-05-17T00:00:00.000Z,1969-12-31T00:00:00.000Z,2019-05-20T21:27:14.695Z, , , , 
Humana, , ,2019-05-31T00:00:00.000Z,1969-12-31T00:00:00.000Z,2019-06-03T15:41:19.335Z, , ,true, 
Caliber Collision, , ,2019-06-04T00:00:00.000Z,1969-12-31T00:00:00.000Z,2019-06-13T17:08:50.316Z, , , , 
Marcus Hotels  Inc., , ,2019-06-05T00:00:00.000Z,1969-12-31T00:00:00.000Z,2019-06-17T18:54:31.776Z, , , , 
